<?xml version="1.0" encoding="utf-8"?>
<config addfieldpath="/libraries/regularlabs/fields">
    <fieldset name="tab_notice">
        <field name="@note__title_empty" type="note" class="alert alert-warning"
               description="TAB_TITLE_EMPTY"
               showon="title:" />
    </fieldset>

    <fieldset name="tab_params">
        <field name="open" type="radio" class="btn-group" default="0"
               label="TAB_DEFAULT"
               description="TAB_DEFAULT_DESC">
            <option value="1">JYES</option>
        </field>
        <field name="alias" type="text"
               label="JFIELD_ALIAS_LABEL"
               description="TAB_ALIAS_DESC" />
        <field name="class" type="text"
               label="RL_CSS_CLASS"
               description="RL_CSS_CLASS_DESC" />
        <field name="@note__scroll" type="rl_onlypro"
               label="TAB_SCROLL"
               description="TAB_SCROLL_DESC" />
        <field name="@note__access" type="rl_onlypro"
               label="JFIELD_ACCESS_LABEL"
               description="JFIELD_ACCESS_DESC" />
        <field name="@note__usergroup" type="rl_onlypro"
               label="RL_USER_GROUPS"
               description="RL_USER_GROUPS_DESC" />
        <field name="@note__extra" type="rl_onlypro"
               label="RL_EXTRA_PARAMETERS"
               description="RL_EXTRA_PARAMETERS_DESC" />
    </fieldset>

    <fieldset name="params">
        <field name="mainclass" type="text" default=""
               label="TAB_MAIN_CLASS"
               description="TAB_MAIN_CLASS_DESC" />
        <field name="color_inactive_handles" type="radio" class="btn-group" default=""
               label="TAB_COLOR_INACTIVE_HANDLES"
               description="TAB_COLOR_INACTIVE_HANDLES_DESC">
            <option value="">JDEFAULT</option>
            <option value="0">JNO</option>
            <option value="1">JYES</option>
        </field>
        <field name="outline_handles" type="radio" class="btn-group" default=""
               label="TAB_OUTLINE_HANDLES"
               description="TAB_OUTLINE_HANDLES_DESC">
            <option value="">JDEFAULT</option>
            <option value="0">JNO</option>
            <option value="1">JYES</option>
        </field>
        <field name="outline_content" type="radio" class="btn-group" default=""
               label="TAB_OUTLINE_CONTENT"
               description="TAB_OUTLINE_CONTENT_DESC">
            <option value="">JDEFAULT</option>
            <option value="0">JNO</option>
            <option value="1">JYES</option>
        </field>
        <field name="alignment" type="radio" class="btn-group" default=""
               label="TAB_ALIGNMENT_HANDLES"
               description="TAB_ALIGNMENT_HANDLES_DESC">
            <option value="">JDEFAULT</option>
            <option value="left">&lt;span class="icon-reglab-paragraph-left">&lt;/span></option>
            <option value="right">&lt;span class="icon-reglab-paragraph-right">&lt;/span></option>
            <option value="center">&lt;span class="icon-reglab-paragraph-center">&lt;/span></option>
            <option value="justify">&lt;span class="icon-reglab-paragraph-justify">&lt;/span></option>
        </field>
        <field name="@note__positioning" type="rl_onlypro"
               label="TAB_POSITIONING_HANDLES"
               description="TAB_POSITIONING_HANDLES_DESC" />
        
        <field name="@note__slideshow" type="rl_onlypro"
               label="TAB_SLIDESHOW"
               description="SLIDESHOW_DESC" />
        <field name="nested" type="radio" class="btn-group" default="0"
               label="TAB_NESTED_SET"
               description="TAB_NESTED_SET_DESC">
            <option value="">JNO</option>
            <option value="1">JYES</option>
        </field>
        <field name="nested_id" type="text" class="btn-group" default="nested"
               label="TAB_NESTED_ID"
               description="TAB_NESTED_ID_DESC"
               showon="nested:1" />
    </fieldset>
</config>
