<?xml version="1.0" encoding="utf-8"?>
<extension version="3.9" type="plugin" group="editors-xtd" method="upgrade">
    <name>PLG_EDITORS-XTD_TABS</name>
    <description>PLG_EDITORS-XTD_TABS_DESC</description>
    <version>8.2.2.1</version>
    <creationDate>August 2022</creationDate>
    <author>Regular Labs (Peter van Westen)</author>
    <authorEmail>info@regularlabs.com</authorEmail>
    <authorUrl>https://regularlabs.com</authorUrl>
    <copyright>Copyright © 2022 Regular Labs - All Rights Reserved</copyright>
    <license>http://www.gnu.org/licenses/gpl-2.0.html GNU/GPL</license>

    <scriptfile>script.install.php</scriptfile>

    <updateservers>
        <server type="extension" priority="1" name="Regular Labs - Tabs">
            https://download.regularlabs.com/updates.xml?e=tabs&amp;type=.xml
        </server>
    </updateservers>

    <files>
        <file plugin="tabs">tabs.php</file>
        <file>fields.xml</file>
        <file>helper.php</file>
        <file>popup.php</file>
        <file>popup.tmpl.php</file>
        <file>script.install.helper.php</file>
        <folder>language</folder>
    </files>

    <config>
        <fields name="params" addfieldpath="/libraries/regularlabs/fields">
            <fieldset name="basic">
                <field name="@load_language_regularlabs" type="rl_loadlanguage" extension="plg_system_regularlabs" />
                <field name="@load_language" type="rl_loadlanguage" extension="plg_editors-xtd_tabs" />
                <field name="@license" type="rl_license" extension="TABS" />
                <field name="@version" type="rl_version" extension="TABS" />
                <field name="@dependency" type="rl_dependency"
                       label="TAB_THE_SYSTEM_PLUGIN"
                       file="/plugins/system/tabs/tabs.xml" />
                <field name="@header" type="rl_header"
                       label="TABS"
                       description="TABS_DESC"
                       url="https://regularlabs.com/tabs" />

                <field name="@note__settings" type="note" class="alert alert-info"
                       description="TAB_SETTINGS,&lt;a href=&quot;index.php?option=com_plugins&amp;filter_folder=system&amp;filter_search=tabs&quot; target=&quot;_blank&quot;&gt;,&lt;/a&gt;" />
            </fieldset>
        </fields>
    </config>
</extension>
