<?xml version="1.0" encoding="utf-8"?>
<extension version="3.9" type="library" method="upgrade">
    <name>Regular Labs Library</name>
    <description>Regular Labs Library - used by Regular Labs extensions</description>
    <version>22.8.8209</version>
    <creationDate>August 2022</creationDate>
    <author>Regular Labs (Peter van Westen)</author>
    <authorEmail>info@regularlabs.com</authorEmail>
    <authorUrl>https://regularlabs.com</authorUrl>
    <copyright>Copyright © 2022 Regular Labs - All Rights Reserved</copyright>
    <license>http://www.gnu.org/licenses/gpl-2.0.html GNU/GPL</license>

    <libraryname>regularlabs</libraryname>
    <scriptfile>script.install.php</scriptfile>

    <updateservers>
        <server type="extension" priority="1" name="Regular Labs Library">
            https://download.regularlabs.com/updates.xml?e=library&amp;type=.xml
        </server>
    </updateservers>

    <files>
        <file>autoload.php</file>
        <file>regularlabs.xml</file>
        <file>script.install.helper.php</file>
        <folder>fields</folder>
        <folder>helpers</folder>
        <folder>layouts</folder>
        <folder>src</folder>
        <folder>vendor</folder>
    </files>

    <media folder="media" destination="regularlabs">
        <folder>css</folder>
        <folder>fonts</folder>
        <folder>images</folder>
        <folder>js</folder>
        <folder>less</folder>
    </media>
</extension>
